character_id,eidolon,eidolon_name,description
acheron,1,Silenced Sky Spake Sooth,"When dealing DMG to debuffed enemies, increases CRIT Rate by 18%."
acheron,2,Mute Thunder in Still Tempest,"The number of Nihility characters required for the Trace ""The Abyss"" to achieve its highest possible effect is reduced by 1. When this unit's turn starts, gains 1 point of Slashed Dream and inflicts 1 stack of Crimson Knot on the enemy with the most Crimson Knot stacks."
acheron,3,Frost Bites in Death,"Ultimate Lv. +2, up to a maximum of Lv. 15. Basic ATK Lv. +1, up to a maximum of Lv. 10."
acheron,4,Shrined Fire for Mirrored Soul,"When enemy targets enter combat, inflicts them with the Ultimate DMG Vulnerability, increasing the amount of Ultimate DMG they take by 8%."
acheron,5,Strewn Souls on Erased Earths,"Skill Lv. +2, up to a maximum of Lv. 15. Talent Lv. +2, up to a maximum of Lv. 15."
acheron,6,"Apocalypse, the Emancipator","Increases the All-Type RES PEN for the Ultimate DMG dealt by Acheron by 20%. The DMG dealt by Basic ATK and Skill will also be considered as Ultimate DMG and can Reduce enemy Toughness regardless of Weakness Types. When breaking Weaknesses, triggers the Lightning Weakness Break effect."
aglaea,1,Drift at the Whim of Venus,"The enemy afflicted with ""Seam Stitch"" takes 15% increased DMG. After Aglaea or Garmentmaker attacks this target, additionally regenerates 20 Energy."
aglaea,2,Sail on the Raft of Eyelids,"When Aglaea or Garmentmaker takes action, enables the DMG dealt by Aglaea and Garmentmaker to ignore 14% of the target's DEF. This effect stacks up to 3 time(s) and lasts until any unit, other than Aglaea or Garmentmaker, actively uses an ability."
aglaea,3,Bequeath in the Coalescence of Dew,"Skill Lv. +2, up to a maximum of Lv. 15. Basic ATK Lv. +1, up to a maximum of Lv. 10. Memosprite Talent Lv. +1, up to a maximum of Lv. 10."
aglaea,4,Flicker Below the Surface of Marble,"The SPD Boost effect from the Memosprite Talent has its max stack limit increased by 1. After Aglaea uses an attack, can also make Garmentmaker gain the SPD Boost effect from the Memosprite Talent."
aglaea,5,Weave Under the Shroud of Woe,"Ultimate Lv. +2, up to a maximum of Lv. 15. Talent Lv. +2, up to a maximum of Lv. 15. Memosprite Skill Lv. +1, up to a maximum of Lv. 10."
aglaea,6,Fluctuate in the Tapestry of Fates,"While Aglaea is in ""Supreme Stance,"" increases her and Garmentmaker's Lightning RES PEN by 20%. When Aglaea's or Garmentmaker's SPD is greater than 160/240/320, the Joint ATK DMG dealt by them increases by 10%/30%/60%."
anaxa,1,"Magician, Isolated by Stars","After using Skill for the first time, recovers 1 Skill Point(s). When using Skill to hit enemy targets, decreases the targets' DEF by 16%, lasting for 2 turn(s)."
anaxa,2,"Soul, True to History","When enemy targets enter the battlefield, triggers 1 instance of the Talent's Weakness Implant effect, and reduces their All-Type RES by 20%."
anaxa,3,"Pupil, Etched into Cosmos","Ultimate Lv. +2, up to a maximum of Lv. 15. Basic ATK Lv. +1, up to a maximum of Lv. 10."
anaxa,4,"Blaze, Plunged to Canyon","When using Skill, increases ATK by 30%, lasting for 2 turn(s). This effect can stack up to 2 time(s)."
anaxa,5,"Embryo, Set Beyond Vortex","Skill Lv. +2, up to a maximum of Lv. 15. Talent Lv. +2, up to a maximum of Lv. 15."
anaxa,6,Everything Is in Everything,"The DMG dealt by Anaxa is 130% of the original DMG. The 2 effects in the Trace ""Imperative Hiatus"" will be triggered directly and will no longer depend on the number of ""Erudition"" characters in the team."
archer,1,The Unreached Dream,"After using Skill 3 time(s) within one turn, recovers 2 Skill Point(s) for allies."
archer,2,The Unfulfilled Happiness,"When using Ultimate, reduces the enemy target's Quantum RES by 20%, and applies Quantum Weakness to it, lasting for 2 turn(s)."
archer,3,The Untamed Will,"Skill Lv. +2, up to a maximum of Lv. 15. Basic ATK Lv. +1, up to a maximum of Lv. 10."
archer,4,The Unsung Life,Increases the Ultimate DMG dealt by 150%.
archer,5,The Nameless Watch,"Ultimate Lv. +2, up to a maximum of Lv. 15. Talent Lv. +2, up to a maximum of Lv. 15."
archer,6,The Endless Pilgrimage,"When the turn starts, recovers 1 Skill Point for allies. The maximum number of stacks allowed for the DMG boost effect provided by this unit's Skill increases by 1. The Skill DMG dealt ignores 20% of DEF."
argenti,1,A Lacuna in Kingdom of Aesthetics,Each stack of Apotheosis additionally increases CRIT DMG by 4%.
argenti,2,Agate's Humility,"If the number of enemies on the field equals to 3 or more when the Ultimate is used, ATK increases by 40% for 1 turn(s)."
argenti,3,Thorny Road's Glory,"Skill Lv. +2, up to a maximum of Lv. 15. Talent Lv. +2, up to a maximum of Lv. 15."
argenti,4,Trumpet's Dedication,"At the start of battle, gains 2 stack(s) of Apotheosis and increases the maximum stack limit of the Talent's effect by 2."
argenti,5,"Snow, From Somewhere in Cosmos","Ultimate Lv. +2, up to a maximum of Lv. 15. Basic ATK Lv. +1, up to a maximum of Lv. 10."
argenti,6,"""Your"" Resplendence","When using Ultimate, ignores 30% of enemy targets' DEF."
arlan,1,To the Bitter End,"When HP percentage is lower than or equal to 50% of Max HP, increases DMG dealt by Skill by 10%."
arlan,2,Breaking Free,Using Skill or Ultimate removes 1 debuff from this unit.
arlan,3,Power Through,"Skill Lv. +2, up to a maximum of Lv. 15. Basic ATK Lv. +1, up to a maximum of Lv. 10."
arlan,4,Turn the Tables,"When struck by a killing blow after entering battle, instead of becoming knocked down, Arlan immediately restores his HP to 25% of his Max HP. This effect is automatically removed after it is triggered once or after 2 turn(s) have elapsed."
arlan,5,Hammer and Tongs,"Ultimate Lv. +2, up to a maximum of Lv. 15. Talent Lv. +2, up to a maximum of Lv. 15."
arlan,6,Self-Sacrifice,"When the current HP percentage drops to 50% or below, Ultimate deals 20% more DMG, and the DMG multiplier for adjacent targets is raised to the same level as that for the primary target."
ashveil,1,Beware: Venture Not at Full Moon,"While Ashveil is on the field, increases DMG taken by all enemies by 24%. When an enemy target's current HP percentage is 50% or lower, the DMG they take increases to 36%."
ashveil,2,Knock: Where Snickers Echo,"The max stack limit of ""Gluttony"" increases to 18. After each time Ashveil launches the enhanced Talent's Follow-Up ATK, refunds 35% of the removed ""Gluttony"" stacks."
ashveil,3,Hush: Unsaid Between Friends,"Ultimate Lv. +2, up to a maximum of Lv. 15. Basic ATK Lv. +1, up to a maximum of Lv. 10."
ashveil,4,Heed: Swallow Truth Whole,"When Ashveil uses Ultimate, increases ATK by 40% for 3 turn(s)."
ashveil,5,Caution: Sleuth Turns Slayer,"Skill Lv. +2, up to a maximum of Lv. 15. Talent Lv. +2, up to a maximum of Lv. 15."
ashveil,6,Finale: And Then There Were None,"When the ""Bait"" exists on the field, reduces all enemies' All-Type RES by 20%. For every 1 stack of ""Gluttony"" Ashveil has gained, the DMG dealt increases by 4%. This effect can stack up to 30 time(s)."
asta,1,Star Sings Sans Verses or Vocals,"When using Skill, deals DMG for 1 extra time to a random enemy."
asta,2,Moon Speaks in Wax and Wane,"After using her Ultimate, Asta's Charging stacks will not be reduced in the next turn."
asta,3,Meteor Showers for Wish and Want,"Skill Lv. +2, up to a maximum of Lv. 15. Talent Lv. +2, up to a maximum of Lv. 15."
asta,4,Aurora Basks in Beauty and Bliss,Asta's Energy Regeneration Rate increases by 15% when she has 2 or more Charging stacks.
asta,5,Nebula Secludes in Runes and Riddles,"Ultimate Lv. +2, up to a maximum of Lv. 15. Basic ATK Lv. +1, up to a maximum of Lv. 10."
asta,6,Cosmos Dreams in Calm and Comfort,Charging stack(s) lost in each turn is reduced by 1.
aventurine,1,Prisoner's Dilemma,"Increases CRIT DMG by 20% for ally targets with Fortified Wager. After using the Ultimate, provides all allies with a Fortified Wager shield, whose Shield Effect is equal to 100% of the one provided by the Skill, lasting for 3 turn(s)."
aventurine,2,Bounded Rationality,"When using the Basic ATK, reduces the target's All-Type RES by 12% for 3 turn(s)."
aventurine,3,Droprate Maxing,"Ultimate Lv. +2, up to a maximum of Lv. 15. Basic ATK Lv. +1, up to a maximum of Lv. 10."
aventurine,4,Unexpected Hanging Paradox,"When triggering his Talent's Follow-Up ATK, first increases Aventurine's DEF by 40% for 2 turn(s), and additionally increases the Hits Per Action for his talent's Follow-Up ATK by 3."
aventurine,5,Ambiguity Aversion,"Skill Lv. +2, up to a maximum of Lv. 15. Talent Lv. +2, up to a maximum of Lv. 15."
aventurine,6,Stag Hunt Game,"For every teammate that holds a Shield, the DMG dealt by Aventurine increases by 50%, up to a maximum of 150%."
bailu,1,Ambrosial Aqua,"If the target ally's current HP is equal to their Max HP when Invigoration ends, regenerates 8 extra Energy for this target."
bailu,2,Sylphic Slumber,"After using her Ultimate, Bailu's Outgoing Healing increases by an additional 15% for 2 turn(s)."
bailu,3,Omniscient Opulence,"Skill Lv. +2, up to a maximum of Lv. 15. Talent Lv. +2, up to a maximum of Lv. 15."
bailu,4,Evil Excision,Every healing provided by the Skill makes the recipient deal 10% more DMG for 2 turn(s). This effect can stack up to 3 time(s).
bailu,5,Waning Worries,"Ultimate Lv. +2, up to a maximum of Lv. 15. Basic ATK Lv. +1, up to a maximum of Lv. 10."
bailu,6,Drooling Drop of Draconic Divinity,Bailu can heal allies who received a killing blow 1 more time(s) in a single battle.
black_swan,1,Seven Pillars of Wisdom,"While Black Swan is active in combat, enemies afflicted with Wind Shear, Bleed, Burn, or Shock will have their corresponding Wind, Physical, Fire, or Lightning RES respectively reduced by 25%."
black_swan,2,"Weep Not For Me, My Lamb","When an enemy target afflicted with ""Arcana"" is defeated, there is a 100% base chance of inflicting 6 stack(s) of ""Arcana"" on adjacent targets."
black_swan,3,"As Above, So Below","Skill Lv. +2, up to a maximum of Lv. 15. Talent Lv. +2, up to a maximum of Lv. 15."
black_swan,4,In Tears We Gift,"While in the Epiphany state, enemy targets have their Effect RES reduced by 10% and Black Swan regenerates 8 Energy at the start of these targets' turns or when they are defeated. This Energy Regeneration effect can only trigger up to 1 time while Epiphany lasts. The trigger count is reset when Epiphany is applied again."
black_swan,5,Linnutee Flyway,"Ultimate Lv. +2, up to a maximum of Lv. 15. Basic ATK Lv. +1, up to a maximum of Lv. 10."
black_swan,6,"Pantheon Merciful, Masses Pitiful","When an enemy target is attacked by Black Swan's teammates, Black Swan has a 65% base chance of inflicting 1 stack of ""Arcana"" on the target. Every time Black Swan inflicts ""Arcana"" on an enemy target, there is a 50% fixed chance to additionally increase the number of ""Arcana"" stacked this time by 1."
blade,1,Blade Cuts the Deepest in Hell,"Blade's Ultimate deals additionally increased DMG to one designated enemy target, with the increased amount equal to 150% of the tally of Blade's HP loss in the current battle. The tally of Blade's HP loss in the current battle is capped at 90% of his Max HP. The tally value will be reset and re-accumulated after his Ultimate has been used."
blade,2,Ten Thousand Sorrows From One Broken Dream,"When Blade is in the Hellscape state, his CRIT Rate increases by 15%."
blade,3,Hardened Blade Bleeds Coldest Shade,"Ultimate Lv. +2, up to a maximum of Lv. 15. Talent Lv. +2, up to a maximum of Lv. 15."
blade,4,"Rejected by Death, Infected With Life","When Blade's current HP percentage drops to 50% or lower of his Max HP, increases his Max HP by 20%. Stacks up to 2 time(s)."
blade,5,Death By Ten Lords' Gaze,"Skill Lv. +2, up to a maximum of Lv. 15. Basic ATK Lv. +1, up to a maximum of Lv. 10."
blade,6,Reborn Into an Empty Husk,"The maximum number of Charge stacks is reduced to 4. The Follow-Up ATK triggered by Talent deals additionally increased DMG, with the increased amount equal to 50% of Blade's Max HP."
boothill,1,Dusty Trail's Lone Star,"When the battle starts, obtains 1 stack of Pocket Trickshot. When Boothill deals DMG, ignores 16% of the enemy target's DEF."
boothill,2,Milestonemonger,"When in Standoff and gaining Pocket Trickshot, recovers 1 Skill Point(s) and increases Break Effect by 30%, lasting for 2 turn(s). Can also trigger this effect when gaining Pocket Trickshot stacks that exceed the max limit. But cannot trigger repeatedly within one turn."
boothill,3,Marble Orchard's Guard,"Ultimate Lv. +2, up to a maximum of Lv. 15. Basic ATK Lv. +1, up to a maximum of Lv. 10."
boothill,4,Cold Cuts Chef,"When the enemy target in the Standoff is attacked by Boothill, the DMG they receive additionally increases by 12%. When Boothill is attacked by the enemy target in the Standoff, the effect of him receiving increased DMG is offset by 12%."
boothill,5,Stump Speech,"Skill Lv. +2, up to a maximum of Lv. 15. Talent Lv. +2, up to a maximum of Lv. 15."
boothill,6,Crowbar Hotel's Raccoon,"When triggering the Talent's Break DMG, additionally deals Break DMG to the target equal to 40% of the original DMG multiplier and additionally deals Break DMG to adjacent targets equal to 70% of the original DMG multiplier."
bronya,1,Hone Your Strength,"When using Skill, there is a 50% fixed chance of recovering 1 Skill Point. This effect has a 1-turn cooldown."
bronya,2,Quick March,"When using Skill, the target ally's SPD increases by 30% after taking action, lasting for 1 turn."
bronya,3,Bombardment,"Ultimate Lv. +2, up to a maximum of Lv. 15. Talent Lv. +2, up to a maximum of Lv. 15."
bronya,4,Take by Surprise,"After any other ally character uses Basic ATK on an enemy target that has Wind Weakness, Bronya immediately launches 1 instance of Follow-Up ATK, dealing Wind DMG to this target equal to 80% of her Basic ATK DMG. This effect can only trigger once per turn."
bronya,5,Unstoppable,"Skill Lv. +2, up to a maximum of Lv. 15. Basic ATK Lv. +1, up to a maximum of Lv. 10."
bronya,6,Piercing Rainbow,The duration of the DMG Boost effect placed by the Skill on the target ally increases by 1 turn(s).
castorice,1,"Snowbound Maiden, Memory to Tomb","When the enemy target's current HP is 80%/50% of Max HP or lower, the DMG dealt to it by ""Boneclaw, Doomdrake's Embrace,"" ""Claw Splits the Veil,"" ""Breath Scorches the Shadow,"" and ""Wings Sweep the Ruins"" is 120%/140% of the original DMG respectively."
castorice,2,Crown on Wings of Bloom,"After summoning the memosprite Netherwing, Castorice gains 2 stack(s) of ""Ardent Will."" ""Ardent Will"" can stack up to 2 time(s) and can be used to offset the HP cost of Netherwing's Memosprite Skill, ""Breath Scorches the Shadow"" and advance Castorice's action by 100%. When using the next Enhanced Skill, Castorice gains ""Newbud"" by an amount equal to 30% of max ""Newbud."""
castorice,3,"Pious Pilgrim, Dance in Doom","Ultimate Lv. +2, up to a maximum of Lv. 15. Basic ATK Lv. +1, up to a maximum of Lv. 10. Memosprite Talent Lv. +1, up to a maximum of Lv. 10."
castorice,4,Rest in Songs of Gloom,"While Castorice is on the field, all allies' HP restored when receiving healing increases by 20%."
castorice,5,"Pristine Pages, Prophecy as Plume","Skill Lv. +2, up to a maximum of Lv. 15. Talent Lv. +2, up to a maximum of Lv. 15. Memosprite Skill Lv. +1, up to a maximum of Lv. 10."
castorice,6,Await for Years to Loom,"When Castorice or Netherwing deals DMG, increases Quantum RES PEN by 20%. During Netherwing's attacks, can reduce enemy Toughness regardless of Weakness Types. When breaking Weaknesses, triggers the Quantum Weakness Break effect. And the number of Bounces for Netherwing's Talent ""Wings Sweep the Ruins"" additionally increases by 3."
cerydra,1,Seize the Crowns of All,"The character with ""Military Merit"" ignores 16% of the targets' DEF when dealing DMG. If ""Military Merit"" has been upgraded to ""Peerage,"" then the character additionally ignores 20% of the targets' DEF when dealing Skill DMG. When Cerydra uses her Skill, regenerates 2 Energy for the designated ally target."
cerydra,2,Forge the Dreams of Many,"The character with ""Military Merit"" deals 40% increased DMG. While a teammate on the field has ""Military Merit,"" Cerydra's DMG dealt increases by 160%."
cerydra,3,Torch the Laws of Old,"Skill Lv. +2, up to a maximum of Lv. 15. Basic ATK Lv. +1, up to a maximum of Lv. 10."
cerydra,4,Remake the Realms of Men,Increases Ultimate's DMG multiplier by 240%.
cerydra,5,Help and Hurt Repaid in Full,"Ultimate Lv. +2, up to a maximum of Lv. 15. Talent Lv. +2, up to a maximum of Lv. 15."
cerydra,6,A Journey Set Starward,"The character with ""Military Merit"" increases their All-Type RES PEN by 20%, and the multiplier for the Additional DMG triggered via ""Military Merit"" increases by 300%. While a teammate on the field has ""Military Merit,"" Cerydra's All-Type RES PEN increases by 20%."
cipher,1,"Read the Room, Seek the Glee","Cipher's tally of DMG is 150% of its original value. When using the Talent's Follow-Up ATK, increases Cipher's ATK by 80%, lasting for 2 turn(s)."
cipher,2,"In the Fray, Nab On a Spree","When Cipher hits an enemy target, there is a 120% base chance to increase the DMG it receives by 30%, lasting for 2 turn(s)."
cipher,3,"From Thin Air, Hard to Foresee","Ultimate Lv. +2, up to a maximum of Lv. 15. Basic ATK Lv. +1, up to a maximum of Lv. 10."
cipher,4,"The Jig Is Up, Quick to Flee","After the ""Patron"" gets attacked by an ally target, Cipher deals Quantum Additional DMG to it equal to 50% of Cipher's ATK."
cipher,5,"Safe in Numbers, Light as a Bee","Skill Lv. +2, up to a maximum of Lv. 15. Talent Lv. +2, up to a maximum of Lv. 15."
cipher,6,"The Thief's Game, Unsung and Free","The DMG dealt by Follow-Up ATK from Cipher's Talent increases by 350%. During the tally, an additional 16% of non-Overflow DMG dealt by this attack is tallied. After the tally is cleared by using Ultimate, 20% of the cleared tally is returned."
clara,1,A Tall Figure,Using Skill will not remove Marks of Counter on the enemy.
clara,2,A Tight Embrace,"After using the Ultimate, ATK increases by 30% for 2 turn(s)."
clara,3,Cold Steel Armor,"Skill Lv. +2, up to a maximum of Lv. 15. Basic ATK Lv. +1, up to a maximum of Lv. 10."
clara,4,Family's Warmth,"After Clara is hit, the DMG taken by Clara is reduced by 30%. This effect lasts until the start of her next turn."
clara,5,A Small Promise,"Ultimate Lv. +2, up to a maximum of Lv. 15. Talent Lv. +2, up to a maximum of Lv. 15."
clara,6,Long Company,"After other allies are attacked, Svarog also has a 50% fixed chance to trigger a Counter on the attacker and mark them with a ""Mark of Counter."" When using Ultimate, the number of Enhanced Counters increases by 1."
cyrene,1,"Epics, Born on a Blank Slate","When Demiurge triggers the Memosprite Skill ""Ode to Ego"" during the use of ""Minuet of Blooms and Plumes,"" gains 6 ""Recollection"" point(s) and increases the number of bounces for this attack by 12."
cyrene,2,A Tomorrow in Thirteen Shades,"When entering combat, additionally gains 12 ""Recollection"" point(s). For every 1 different ally character that gains the Memosprite Skill buff from Demiurge, the DMG multiplier for the True DMG dealt by ally targets via the Skill's Zone increases by 6%, up to a max increase of 24%."
cyrene,3,"By Thy Being, As I've Written","Ultimate Lv. +2, up to a maximum of Lv. 15. Talent Lv. +2, up to a maximum of Lv. 15. Memosprite Skill Lv. +1, up to a maximum of Lv. 10."
cyrene,4,"Please Write On, With a Smile","After every 1 use of ""Minuet of Blooms and Plumes"" by Demiurge, the Bounce DMG multiplier for the triggered Memosprite Skill ""Ode to Ego"" increases by 6% in the current battle, stacking up to 24 times."
cyrene,5,"Gaze, Steeped in Yesterbloom","Skill Lv. +2, up to a maximum of Lv. 15. Basic ATK Lv. +1, up to a maximum of Lv. 10. Memosprite Talent Lv. +1, up to a maximum of Lv. 10."
cyrene,6,"Remembrance, Sung in Ripples ♪","When Cyrene uses Ultimate for the first time, all allies advance action by 100%. Each time Demiurge triggers the Memosprite Skill ""Ode to Ego"" during the use of ""Minuet of Blooms and Plumes,"" gains the following effects based on the number of times it has been triggered in the current battle: 1 time: When Demiurge is on the field, reduces all enemy targets' DEF by 20%. 2 times and more: All allies advance action by 24%."
dan_heng,1,"The Higher You Fly, the Harder You Fall","When the target enemy's current HP percentage is greater than or equal to 50%, CRIT Rate increases by 12%."
dan_heng,2,"Quell the Venom Octet, Quench the Vice O'Flame",Reduces Talent cooldown by 1 turn.
dan_heng,3,Seen and Unseen,"Skill Lv. +2, up to a maximum of Lv. 15. Basic ATK Lv. +1, up to a maximum of Lv. 10."
dan_heng,4,Roaring Dragon and Soaring Sun,"When Dan Heng uses his Ultimate to defeat an enemy, he will immediately take action again."
dan_heng,5,A Drop of Rain Feeds a Torrent,"Ultimate Lv. +2, up to a maximum of Lv. 15. Talent Lv. +2, up to a maximum of Lv. 15."
dan_heng,6,The Troubled Soul Lies in Wait,The Slow state triggered by Skill reduces the enemy's SPD by an extra 8%.
dan_heng_imbibitor_lunae,1,Tethered to Sky,"Increases the stackable Righteous Heart count by 4, and gains 1 extra stack of Righteous Heart for each hit during an attack."
dan_heng_imbibitor_lunae,2,Imperium On Cloud Nine,"After using his Ultimate, Dan Heng • Imbibitor Lunae's action advances by 100% and gains 1 extra ""Squama Sacrosancta."""
dan_heng_imbibitor_lunae,3,Clothed in Clouds,"Skill Lv. +2, up to a maximum of Lv. 15. Basic ATK Lv. +1, up to a maximum of Lv. 10."
dan_heng_imbibitor_lunae,4,Zephyr's Bliss,"The buff effect granted by ""Outroar"" lasts until the end of this unit's next turn."
dan_heng_imbibitor_lunae,5,Fall is the Pride,"Ultimate Lv. +2, up to a maximum of Lv. 15. Talent Lv. +2, up to a maximum of Lv. 15."
dan_heng_imbibitor_lunae,6,"Reign, Returned","After another ally character uses their Ultimate, the Imaginary RES PEN of Dan Heng • Imbibitor Lunae's next ""Fulgurant Leap"" attack increases by 20%. This effect can stack up to 3 time(s)."
dan_heng_permansor_terrae,1,Shed Scales of Old,"When Dan Heng • Permansor Terrae uses Ultimate, recovers 1 Skill Point(s) and increases the ""Bondmate's"" All-Type RES PEN by 18%, lasting for 3 turn(s)."
dan_heng_permansor_terrae,2,Watch Trails to Blaze,"Additionally increases the number of actions for the enhanced Souldragon from Ultimate by 2. After Dan Heng • Permansor Terrae uses Ultimate, Souldragon advances action by 100%. When the enhanced ""Souldragon"" takes action, the Additional DMG dealt by the ""Bondmate"" becomes 200% of its original DMG, and the Shield Effect provided in this instance becomes 200% of its original Shield Effect."
dan_heng_permansor_terrae,3,Bear Weight of Worlds,"Ultimate Lv. +2, up to a maximum of Lv. 15. Basic ATK Lv. +1, up to a maximum of Lv. 10."
dan_heng_permansor_terrae,4,"By Oath, This Vessel Is I","Reduces the DMG taken by the ""Bondmate"" by 20%."
dan_heng_permansor_terrae,5,The Path of Permanence Sweeps Far,"Skill Lv. +2, up to a maximum of Lv. 15. Talent Lv. +2, up to a maximum of Lv. 15."
dan_heng_permansor_terrae,6,One Dream to Enfold All Wilds,"When the ""Bondmate"" is on the field, increases the DMG taken by all enemies by 20%. When the ""Bondmate"" deals DMG, ignores 12% of the enemy targets' DEF. When Dan Heng • Permansor Terrae uses Ultimate, the ""Bondmate"" will deal Additional DMG of the Bondmate's Type to all enemies, equal to 330% of the Bondmate's ATK."
dr_ratio,1,Pride Comes Before a Fall,"The maximum stackable count for the Trace ""Summation"" increases by 4. When a battle begins, immediately obtains 4 stacks of Summation. Needs to unlock Summation first."
dr_ratio,2,The Divine Is in the Details,"When his Talent's Follow-Up ATK hits a target, for every debuff the target has, deals Imaginary Additional DMG equal to 20% of Dr. Ratio's ATK. This effect can be triggered for a maximum of 4 time(s) during each Follow-Up ATK."
dr_ratio,3,Know Thyself,"Ultimate Lv. +2, up to a maximum of Lv. 15. Basic ATK Lv. +1, up to a maximum of Lv. 10."
dr_ratio,4,Ignorance Is Blight,"When triggering the Talent, additionally regenerates 15 Energy for Dr. Ratio."
dr_ratio,5,Sic Itur Ad Astra,"Skill Lv. +2, up to a maximum of Lv. 15. Talent Lv. +2, up to a maximum of Lv. 15."
dr_ratio,6,Vincit Omnia Veritas,"Additionally increases the trigger count for ""Wiseman's Folly"" by 1. The DMG dealt by the Talent's Follow-Up ATK increases by 50%."
evanescia,1,"Homeland, Dance in Prayer","Increases All-Type PEN by 20%. After ""Fox Teacher"" uses an attack, triggers 1 additional Elation Skill. Elation Skill grants this unit 10 additional ""Certified Banger"" point(s)."
evanescia,2,"Journey, Wish for Everbloom","Increases Elation by 25%. The Vulnerability effect of the Trace ""Fulfilled Adjudication"" can stack, up to 2 stacks."
evanescia,3,"Blade, Devour the Red Moon's Bane","Ultimate Lv. +2, up to a maximum of Lv. 15. Basic ATK Lv. +1, up to a maximum of Lv. 10. Elation Skill Lv. +1, up to a maximum of Lv. 15."
evanescia,4,"Meadow, Despoiled by Evil",Evanescia's DMG dealt ignores 15% of the enemy target's DEF.
evanescia,5,"Arcadia, Witness Emotions Converge","Skill Lv. +2, up to a maximum of Lv. 15. Talent Lv. +2, up to a maximum of Lv. 15. Elation Skill Lv. +1, up to a maximum of Lv. 15."
evanescia,6,"Maiden, Dreaming in Vicissitude","Elation DMG dealt by Evanescia merrymakes by 25%. When teammates whose Participant ID is lower than Evanescia's gain ""Certified Banger"" or when ally teammates' ""Certified Banger"" expires, Evanescia additionally gains 50%/50% of it as her own ""Certified Banger."" After using her Ultimate for the first time upon entering combat, Evanescia regenerates 120 Energy. This effect can trigger 1 time for every 4 Ultimates used."
evernight,1,"Sleep Tight, the Night Dreams Long","When Evernight is on the field, if there are (4 or more)/3/2/1 enemy targets on the field, ally memosprites deal DMG equal to 120%/125%/130%/150% of their original DMG respectively."
evernight,2,"Listen Up, the Slumber Speaks Soft","Increases Evernight's and the memosprite Evey's CRIT DMG by 40%. Each time Evernight gains ""Memoria,"" increases the amount of ""Memoria"" gain by 2 point(s). When using Ultimate, additionally gains 2 Charge for ""Darkest Riddle."""
evernight,3,"Fear Not, the Nightmare Lies Past","Skill Lv. +2, up to a maximum of Lv. 15. Basic ATK Lv. +1, up to a maximum of Lv. 10. Memosprite Talent Lv. +1, up to a maximum of Lv. 10."
evernight,4,"Wake Up, the Tomorrow is Yours","While Evernight is on the field, ally memosprites' Weakness Break Efficiency increases by 25%, and the memosprite Evey's Weakness Break Efficiency additionally increases by 25%."
evernight,5,"Let Go, the ""Me"" in Memories","Ultimate Lv. +2, up to a maximum of Lv. 15. Talent Lv. +2, up to a maximum of Lv. 15. Memosprite Skill Lv. +1, up to a maximum of Lv. 10."
evernight,6,"Like This, Always","While Evernight is on the field, all ally targets' All-Type RES PEN increases by 20%. After the memosprite Evey uses ""Dream, Dissolving, as Dew,"" Evernight gains 30% of the amount of ""Memoria"" consumed in this attack."
feixiao,1,Skyward I Quell,"After launching ""Boltsunder Blitz"" or ""Waraxe Skyward,"" additionally increases the Ultimate DMG dealt by Feixiao by an amount equal to 10% of the original DMG, stacking up to 5 time(s) and lasting until the end of the Ultimate action."
feixiao,2,Moonward I Wish,"In the Talent's effect, for every 1 instance of Follow-Up ATK launched by ally targets, Feixiao gains 1 point of ""Flying Aureus."" This effect can trigger up to 6 time(s) per turn."
feixiao,3,Starward I Bode,"Ultimate Lv. +2, up to a maximum of Lv. 15. Basic ATK Lv. +1, up to a maximum of Lv. 10."
feixiao,4,Stormward I Hear,"The Toughness Reduction from the Talent's Follow-Up ATK increases by 100% and, when launched, increases this unit's SPD by 8%, lasting for 2 turn(s)."
feixiao,5,Heavenward I Leap,"Skill Lv. +2, up to a maximum of Lv. 15. Talent Lv. +2, up to a maximum of Lv. 15."
feixiao,6,Homeward I Near,"Increases the All-Type RES PEN of Ultimate DMG dealt by Feixiao by 20%. Talent's Follow-Up ATK DMG is considered as Ultimate DMG at the same time, and its DMG multiplier increases by 140%."
firefly,1,"In Reddened Chrysalis, I Once Rest","When using the Enhanced Skill, ignores 15% of the target's DEF. The Enhanced Skill does not consume Skill Points."
firefly,2,"From Shattered Sky, I Free Fall","While in Complete Combustion, using the Enhanced Basic ATK or the Enhanced Skill to defeat an enemy target or to Break their Weakness allows SAM to immediately gain 1 extra turn. This effect can trigger again after 1 turn(s)."
firefly,3,"Amidst Silenced Stars, I Deep Sleep","Skill Lv. +2, up to a maximum of Lv. 15. Basic ATK Lv. +1, up to a maximum of Lv. 10."
firefly,4,"Upon Lighted Fyrefly, I Soon Gaze","While in Complete Combustion, increases SAM's Effect RES by 50%."
firefly,5,"From Undreamt Night, I Thence Shine","Ultimate Lv. +2, up to a maximum of Lv. 15. Talent Lv. +2, up to a maximum of Lv. 15."
firefly,6,"In Finalized Morrow, I Full Bloom","While in Complete Combustion, increases SAM's Fire RES PEN by 20%. When using the Enhanced Basic ATK or Enhanced Skill, increases Weakness Break Efficiency by 50%."
fu_xuan,1,Dominus Pacis,The Knowledge effect increases CRIT DMG by 30%.
fu_xuan,2,Optimus Felix,"If any ally target is struck by a killing blow while ""Matrix of Prescience"" is active, then all ally targets who were struck by a killing blow during this action will not be knocked down, and 70% of their Max HP is immediately restored. This effect can trigger 1 time per battle."
fu_xuan,3,Apex Nexus,"Skill Lv. +2, up to a maximum of Lv. 15. Talent Lv. +2, up to a maximum of Lv. 15."
fu_xuan,4,Fortuna Stellaris,"When other allies under Matrix of Prescience are attacked, Fu Xuan regenerates 5 Energy."
fu_xuan,5,Arbiter Primus,"Ultimate Lv. +2, up to a maximum of Lv. 15. Basic ATK Lv. +1, up to a maximum of Lv. 10."
fu_xuan,6,Omnia Vita,"Once Matrix of Prescience is activated, it will keep a tally of the total HP lost by all team members in the current battle. The DMG dealt by Fu Xuan's Ultimate will increase by 200% of this tally of HP loss. This tally is also capped at 120% of Fu Xuan's Max HP and the tally value will reset and re-accumulate after Fu Xuan's Ultimate is used."
fugue,1,"Earthbound I Was, Cloudward I Be","Ally target with ""Foxian Prayer"" increases their Weakness Break Efficiency by 50%."
fugue,2,Beatitude Dawns for the Worthy,"When an enemy target's Weakness gets broken, Fugue regenerates 3 Energy. After using Ultimate, advances the action of all allies by 24%."
fugue,3,Verity Weaves Thoughts to Blade,"Skill Lv. +2, up to a maximum of Lv. 15. Basic ATK Lv. +1, up to a maximum of Lv. 10."
fugue,4,"Bereft of Form, Which Name to Bear","Ally target with ""Foxian Prayer"" increases their Break DMG dealt by 20%."
fugue,5,Colored Cloud Rains Fortune,"Ultimate Lv. +2, up to a maximum of Lv. 15. Talent Lv. +2, up to a maximum of Lv. 15."
fugue,6,Clairvoyance of Boom and Doom,"Increases Fugue's Weakness Break Efficiency by 50%. While Fugue is in the ""Torrid Scorch"" state, ""Foxian Prayer"" takes effect on all allies."
gallagher,1,Salty Dog,"When entering the battle, Gallagher regenerates 20 Energy and increases Effect RES by 50%."
gallagher,2,Lion's Tail,"When using the Skill, dispels 1 debuff(s) from the designated ally. At the same time, increases their Effect RES by 30% for 2 turn(s)."
gallagher,3,Corpse Reviver,"Skill Lv. +2, up to a maximum of Lv. 15. Basic ATK Lv. +1, up to a maximum of Lv. 10."
gallagher,4,Last Word,Extends the duration of the Besotted state inflicted by Gallagher's Ultimate by 1 turn(s).
gallagher,5,Death in the Afternoon,"Ultimate Lv. +2, up to a maximum of Lv. 15. Talent Lv. +2, up to a maximum of Lv. 15."
gallagher,6,Blood and Sand,Increases Gallagher's Break Effect by 20% and Weakness Break Efficiency by 20%.
gepard,1,Due Diligence,"When using Skill, increases the base chance to Freeze the attacked target enemy by 35%."
gepard,2,Lingering Cold,"After an enemy Frozen by Skill is unfrozen, their SPD is reduced by 20% for 1 turn(s)."
gepard,3,Never Surrender,"Ultimate Lv. +2, up to a maximum of Lv. 15. Talent Lv. +2, up to a maximum of Lv. 15."
gepard,4,Faith Moves Mountains,"When Gepard is in battle, all allies' Effect RES increases by 20%."
gepard,5,Cold Iron Fist,"Skill Lv. +2, up to a maximum of Lv. 15. Basic ATK Lv. +1, up to a maximum of Lv. 10."
gepard,6,Unyielding Resolve,"When his Talent is triggered, Gepard immediately takes action and restores extra HP equal to 50% of his Max HP."
guinaifen,1,Slurping Noodles During Handstand,"When Skill is used, there is a 100% base chance to reduce the attacked target enemy's Effect RES by 10% for 2 turn(s)."
guinaifen,2,Brushing Teeth While Whistling,"When an enemy target is being Burned, the DMG multiplier of the Burn status applied by her Basic ATK or Skill increases by 40%."
guinaifen,3,Smashing Boulder on Chest,"Skill Lv. +2, up to a maximum of Lv. 15. Basic ATK Lv. +1, up to a maximum of Lv. 10."
guinaifen,4,Blocking Pike with Neck,"Every time the Burn status inflicted by Guinaifen causes DMG, Guinaifen regenerates 2 Energy."
guinaifen,5,Swallowing Sword to Stomach,"Ultimate Lv. +2, up to a maximum of Lv. 15. Talent Lv. +2, up to a maximum of Lv. 15."
guinaifen,6,Catching Bullet with Hands,Increases the stackable Firekiss count by 1.
hanya,1,One Heart,"When an ally target with Hanya's Ultimate effect defeats an enemy, Hanya's action advances by 15%. This effect can only be triggered 1 time(s) per turn."
hanya,2,Two Views,"After using the Skill, this character's SPD increases by 20% for 1 turn(s)."
hanya,3,Three Temptations,"Skill Lv. +2, up to a maximum of Lv. 15. Basic ATK Lv. +1, up to a maximum of Lv. 10."
hanya,4,Four Truths,The Ultimate's duration is additionally extended for 1 turn(s).
hanya,5,Five Skandhas,"Ultimate Lv. +2, up to a maximum of Lv. 15. Talent Lv. +2, up to a maximum of Lv. 15."
hanya,6,Six Reverences,Increase the DMG Boost effect of the Talent by an additional 10%.
herta,1,Kick You When You're Down,"When using Basic ATK, if the designated enemy's HP percentage is at 50% or less, additionally deals Ice Additional DMG equal to 40% of Herta's ATK."
herta,2,Keep the Ball Rolling,"Every time Talent is triggered, this character's CRIT Rate increases by 3%. This effect can stack up to 5 time(s)."
herta,3,That's the Kind of Girl I Am,"Skill Lv. +2, up to a maximum of Lv. 15. Basic ATK Lv. +1, up to a maximum of Lv. 10."
herta,4,Hit Where It Hurts,"When Talent is triggered, DMG increases by 10%."
herta,5,Cuss Big or Cuss Nothing,"Ultimate Lv. +2, up to a maximum of Lv. 15. Talent Lv. +2, up to a maximum of Lv. 15."
herta,6,No One Can Betray Me,"After using Ultimate, this character's ATK increases by 25% for 1 turn(s)."
himeko,1,Childhood,"After ""Victory Rush"" is triggered, Himeko's SPD increases by 20% for 2 turn(s)."
himeko,2,Convergence,Deals 15% more DMG to enemies whose HP percentage is 50% or less.
himeko,3,Poised,"Skill Lv. +2, up to a maximum of Lv. 15. Basic ATK Lv. +1, up to a maximum of Lv. 10."
himeko,4,Dedication,"When Himeko's Skill inflicts Weakness Break on an enemy, she gains 1 extra point(s) of Charge."
himeko,5,Aspiration,"Ultimate Lv. +2, up to a maximum of Lv. 15. Talent Lv. +2, up to a maximum of Lv. 15."
himeko,6,Trailblaze!,Ultimate deals 2 extra instances of Fire DMG equal to 40% of the original DMG to one random enemy.
hook,1,"Early to Bed, Early to Rise",Enhanced Skill deals 20% increased DMG.
hook,2,"Happy Tummy, Happy Body",Extends the duration of Burn caused by Skill by 1 turn(s).
hook,3,"Don't Be Picky, Nothing's Icky","Skill Lv. +2, up to a maximum of Lv. 15. Basic ATK Lv. +1, up to a maximum of Lv. 10."
hook,4,It's Okay to Not Know,"When Talent is triggered, there is a 100% base chance to Burn enemies adjacent to the designated enemy target, equivalent to that of Skill."
hook,5,Let the Moles' Deeds Be Known,"Ultimate Lv. +2, up to a maximum of Lv. 15. Talent Lv. +2, up to a maximum of Lv. 15."
hook,6,Always Ready to Punch and Kick,Hook deals 20% more DMG to enemies afflicted with Burn.
huohuo,1,"Anchored to Vessel, Specters Nestled","The duration of Divine Provision produced by the Talent is extended by 1 turn(s). When Huohuo possesses Divine Provision, all allies' SPD increases by 12%."
huohuo,2,"Sealed in Tail, Wraith Subdued","If Huohuo possesses ""Divine Provision"" when an ally target is struck by a killing blow, the ally will not be knocked down and their HP will immediately be restored by an amount equal to 50% of their Max HP. This reduces the duration of ""Divine Provision"" by 1 turn. This effect can only be triggered 2 time(s) per battle."
huohuo,3,"Cursed by Fate, Moths to Flame","Ultimate Lv. +2, up to a maximum of Lv. 15. Talent Lv. +2, up to a maximum of Lv. 15."
huohuo,4,"Tied in Life, Bound to Strife","When healing a target ally via Skill or Talent, the less HP the target ally currently has, the higher the amount of healing they will receive. The maximum increase in healing provided by Huohuo is 80%."
huohuo,5,"Mandated by Edict, Evils Evicted","Skill Lv. +2, up to a maximum of Lv. 15. Basic ATK Lv. +1, up to a maximum of Lv. 10."
huohuo,6,"Woven Together, Cohere Forever","When healing a target ally, increases the target ally's DMG dealt by 50% for 2 turn(s)."
hyacine,1,Cradle the Candle of Night,"While Hyacine is in the ""After Rain"" state, all ally targets additionally increase their Max HP by 50%, and after using an attack, immediately restore their HP by an amount equal to 8% of Hyacine's Max HP."
hyacine,2,Come Sit in My Courtyard,"When an ally target's HP decreases, SPD increases by 30%, lasting for 2 turn(s)."
hyacine,3,"Depart, Unto the Sun!","Ultimate Lv. +2, up to a maximum of Lv. 15. Basic ATK Lv. +1, up to a maximum of Lv. 10. Memosprite Skill Lv. +1, up to a maximum of Lv. 10."
hyacine,4,"Sunlit Amber, Yours to Keep","The ""Tempestuous Halt"" Trace gets enhanced: For every 1 excess SPD, additionally increases Hyacine's and Little Ica's CRIT DMG by 2%."
hyacine,5,Twilight Drapes the Tide,"Skill Lv. +2, up to a maximum of Lv. 15. Talent Lv. +2, up to a maximum of Lv. 15. Memosprite Talent Lv. +1, up to a maximum of Lv. 10."
hyacine,6,"O Sky, Heed My Plea","When Little Ica uses Memosprite Skill, the amount cleared from the tally of healing is changed to 12%. While Little Ica is on the field, all ally targets' All-Type RES PEN increases by 20%."
hysilens,1,You Ask Why Hearts Cry,"While Hysilens is on the field, the DoT dealt by ally targets is equal to 116% of their original value. When Hysilens inflicts Wind Shear/Bleed/Burn/Shock on enemies via her Talent, there is a 100% base chance to additionally inflict the target with 1 instance of Wind Shear/Bleed/Burn/Shock state that is equivalent to those from the original Talent effect and can coexist with such pre-existing states."
hysilens,2,Tell Me Why Waves Roar High,"While the Zone is active, the DMG Boost effect from Trace ""The Fiddle of Pearls"" applies to all allies."
hysilens,3,Why Do Lights Bid Goodbye,"Ultimate Lv. +2, up to a maximum of Lv. 15. Basic ATK Lv. +1, up to a maximum of Lv. 10."
hysilens,4,"Lo, How Time Flows By","While the Zone is active, reduces All-Type RES of all enemies by 20%."
hysilens,5,"In Ablution, I Hum and Sigh","Skill Lv. +2, up to a maximum of Lv. 15. Talent Lv. +2, up to a maximum of Lv. 15."
hysilens,6,When to Return From Where You Lie,"While the Zone is active, at the start of each turn or after one attack by an ally target, increases the maximum trigger count for Hysilens's Physical DoT effect to 12, and increases the multiplier of the DMG dealt by 20%."
jade,1,Altruism? Nevertheless Tradable,"The Follow-Up ATK DMG from Jade's Talent increases by 32%. After the ""Debt Collector"" character attacks and the number of the enemy target(s) hit is either 2 or 1, Jade additionally gains 1 or 2 point(s) of Charge respectively."
jade,2,Morality? Herein Authenticated,"When there are 15 stacks of Pawned Asset, Jade's CRIT Rate increases by 18%."
jade,3,Honesty? Soon Mortgaged,"Skill Lv. +2, up to a maximum of Lv. 15. Talent Lv. +2, up to a maximum of Lv. 15."
jade,4,Sincerity? Put Option Only,"When using Ultimate, enables the DMG dealt by Jade to ignore 12% of enemy targets' DEF, lasting for 3 turn(s)."
jade,5,Hope? Hitherto Forfeited,"Ultimate Lv. +2, up to a maximum of Lv. 15. Basic ATK Lv. +1, up to a maximum of Lv. 10."
jade,6,Equity? Pending Sponsorship,"While the ""Debt Collector"" character exists on the field, Jade's Quantum RES PEN increases by 20%, and Jade gains the ""Debt Collector"" state."
jiaoqiu,1,Pentapathic Transference,"Allies deal 40% increased DMG to enemy targets afflicted with Ashen Roast. Whenever inflicting Ashen Roast on an enemy target via triggering the Talent's effect, additionally increases the number of ""Ashen Roast"" stacks applied this time by 1."
jiaoqiu,2,From Savor Comes Suffer,"When an enemy target is afflicted with Ashen Roast, increases the multiplier for the Fire DoT dealt by Ashen Roast to this target by 300%."
jiaoqiu,3,Flavored Euphony Reigns Supreme,"Skill Lv. +2, up to a maximum of Lv. 15. Basic ATK Lv. +1, up to a maximum of Lv. 10."
jiaoqiu,4,"Leisure In, Luster Out","When the Zone exists, reduces enemy target's ATK by 15%."
jiaoqiu,5,"Duel in Dawn, Dash in Dusk","Ultimate Lv. +2, up to a maximum of Lv. 15. Talent Lv. +2, up to a maximum of Lv. 15."
jiaoqiu,6,Nonamorphic Pyrobind,"When an enemy target gets defeated, their accumulated ""Ashen Roast"" stacks will transfer to the enemy with the lowest number of ""Ashen Roast"" stacks on the battlefield. The maximum stack limit of Ashen Roast increases to 9, and each ""Ashen Roast"" stack reduces the target's All-Type RES by 3%."
jing_yuan,1,"Slash, Seas Split","When Lightning-Lord attacks, the DMG multiplier on enemies adjacent to the target enemy increases by an extra amount equal to 25% of the DMG multiplier against the primary target enemy."
jing_yuan,2,"Swing, Skies Squashed","After Lightning-Lord takes action, DMG dealt by Jing Yuan's Basic ATK, Skill, and Ultimate increases by 20%, lasting for 2 turn(s)."
jing_yuan,3,"Strike, Suns Subdued","Ultimate Lv. +2, up to a maximum of Lv. 15. Basic ATK Lv. +1, up to a maximum of Lv. 10."
jing_yuan,4,"Spin, Stars Sieged","For each hit performed by the Lightning-Lord when it takes action, Jing Yuan regenerates 2 Energy."
jing_yuan,5,"Stride, Spoils Seized","Skill Lv. +2, up to a maximum of Lv. 15. Talent Lv. +2, up to a maximum of Lv. 15."
jing_yuan,6,"Sweep, Souls Slain","Each hit performed by the Lightning-Lord when it takes action will make the target enemy Vulnerable. While Vulnerable, enemies receive 12% more DMG until the end of the Lightning-Lord's current turn, stacking up to 3 time(s)."
jingliu,1,Moon Crashes Tianguan Gate,"When using her Ultimate or Enhanced Skill, Jingliu's CRIT DMG increases by 24% for 1 turn(s). If only one enemy target is attacked, the target will additionally be dealt Ice DMG equal to 100% of Jingliu's ATK."
jingliu,2,Crescent Shadows Qixing Dipper,"After using Ultimate, increases the DMG of the next Enhanced Skill by 80%."
jingliu,3,Halfmoon Gapes Mercurial Haze,"Ultimate Lv. +2, up to a maximum of Lv. 15. Talent Lv. +2, up to a maximum of Lv. 15."
jingliu,4,Lunarlance Shines Skyward Dome,"During the Spectral Transmigration state, the ATK gained from consuming teammates' HP is additionally increased by 90% of the total HP consumed from the entire team. The cap for ATK gained this way also increases by 30%."
jingliu,5,Night Shades Astral Radiance,"Skill Lv. +2, up to a maximum of Lv. 15. Basic ATK Lv. +1, up to a maximum of Lv. 10."
jingliu,6,Eclipse Hollows Corporeal Husk,"When Jingliu enters the Spectral Transmigration state, the Syzygy stack limit increases by 1, and Jingliu obtains 1 stack(s) of Syzygy. While she is in the Spectral Transmigration state, her CRIT DMG increases by 50%."
kafka,1,Da Capo,"When the Talent triggers a Follow-Up ATK, there is a 100% base chance to increase the DoT received by the target by 30% for 2 turn(s)."
kafka,2,Fortississimo,"While Kafka is on the field, DoT dealt by all allies increases by 25%."
kafka,3,Capriccio,"Skill Lv. +2, up to a maximum of Lv. 15. Basic ATK Lv. +1, up to a maximum of Lv. 10."
kafka,4,Recitativo,"When an enemy target takes DMG from the Shock status inflicted by Kafka, Kafka additionally regenerates 2 Energy."
kafka,5,Doloroso,"Ultimate Lv. +2, up to a maximum of Lv. 15. Talent Lv. +2, up to a maximum of Lv. 15."
kafka,6,Leggiero,"The Shock state inflicted on the enemy target by the Ultimate, Technique, or the Talent-triggered Follow-Up ATK has a DMG multiplier increase of 156% and lasts 1 turn(s) longer."
lingsha,1,Bloom on Vileward Bouquet,"Lingsha's Weakness Break Efficiency increases by 50%. When an enemy unit's Weakness is Broken, reduces their DEF by 20%."
lingsha,2,Leisure in Carmine Smokeveil,"When using Ultimate, increases all allies' Break Effect by 40%, lasting for 3 turn(s)."
lingsha,3,Shine of Floral Wick,"Ultimate Lv. +2, up to a maximum of Lv. 15. Talent Lv. +2, up to a maximum of Lv. 15."
lingsha,4,Redolence from Canopied Banquet,"When Fuyuan takes action, restores HP equal to 40% of Lingsha's ATK for the ally target whose current HP is the lowest."
lingsha,5,Poise Atop Twists and Turns,"Skill Lv. +2, up to a maximum of Lv. 15. Basic ATK Lv. +1, up to a maximum of Lv. 10."
lingsha,6,Arcadia Under Deep Seclusion,"While ""Fuyuan"" is on the field, reduces all enemies' All-Type RES by 20%. When ""Fuyuan"" attacks, additionally deals 4 instance(s) of DMG, with each instance dealing Fire DMG equal to 50% of Lingsha's ATK and 5 Toughness Reduction to one random enemy. This prioritizes targets with both Toughness greater than 0 and Fire Weakness."
luka,1,Fighting Endlessly,"When Luka takes action, if the target enemy is Bleeding, increases DMG dealt by Luka by 15% for 2 turn(s)."
luka,2,"The Enemy is Weak, I am Strong","If the Skill hits an enemy target with Physical Weakness, gain 1 stack(s) of Fighting Will."
luka,3,Born for the Ring,"Skill Lv. +2, up to a maximum of Lv. 15. Talent Lv. +2, up to a maximum of Lv. 15."
luka,4,Never Turning Back,"For every stack of Fighting Will obtained, increases ATK by 5%, stacking up to 4 time(s)."
luka,5,The Spirit of Wildfire,"Ultimate Lv. +2, up to a maximum of Lv. 15. Basic ATK Lv. +1, up to a maximum of Lv. 10."
luka,6,A Champion's Applause,"After the Enhanced Basic ATK's ""Rising Uppercut"" hits a Bleeding enemy target, the Bleed status will immediately deal DMG 1 time equal to 8% of the original DMG for every hit of Direct Punch already unleashed during the current Enhanced Basic ATK."
luocha,1,Ablution of the Quick,"While the Zone is active, ATK of all allies increases by 20%."
luocha,2,Bestowal From the Pure,"When his Skill is triggered, if the target ally's HP percentage is lower than 50%, Luocha's Outgoing Healing increases by 30%. If the target ally's HP percentage is at 50% or higher, the ally receives a Shield that can absorb DMG equal to 18% of Luocha's ATK plus 240, lasting for 2 turns."
luocha,3,Surveyal by the Fool,"Skill Lv. +2, up to a maximum of Lv. 15. Basic ATK Lv. +1, up to a maximum of Lv. 10."
luocha,4,Heavy Lies the Crown,"When Luocha's Zone is active, enemies become Weakened and deal 12% less DMG."
luocha,5,Cicatrix 'Neath the Pain,"Ultimate Lv. +2, up to a maximum of Lv. 15. Talent Lv. +2, up to a maximum of Lv. 15."
luocha,6,Reunion With the Dust,"When Ultimate is used, there is a 100% fixed chance to reduce all enemies' All-Type RES by 20% for 2 turn(s)."
lynx,1,Morning of Snow Hike,"When healing allies with HP percentage equal to or lower than 50%, Lynx's Outgoing Healing increases by 20%. This effect also works on continuous healing."
lynx,2,Noon of Portable Furnace,"A target with ""Survival Response"" can resist debuff application for 1 time(s)."
lynx,3,Afternoon of Avalanche Beacon,"Skill Lv. +2, up to a maximum of Lv. 15. Basic ATK Lv. +1, up to a maximum of Lv. 10."
lynx,4,Dusk of Warm Campfire,"When ""Survival Response"" is gained, increases the target's ATK by an amount equal to 3% of Lynx's Max HP for 1 turn(s)."
lynx,5,Night of Aurora Tea,"Ultimate Lv. +2, up to a maximum of Lv. 15. Talent Lv. +2, up to a maximum of Lv. 15."
lynx,6,Dawn of Explorers' Chart,"Additionally boosts the Max HP increasing effect of ""Survival Response"" by an amount equal to 6% of Lynx's Max HP and increases Effect RES by 30%."
march_7th_hunt,1,My Sword Stirs Starlight,"When Shifu is on the field, increases March 7th's SPD by 10%."
march_7th_hunt,2,Blade Dances on Waves' Fight,"After ""Shifu"" uses Basic ATK or Skill to attack an enemy target, March 7th immediately launches a Follow-Up ATK and deals Imaginary DMG equal to 60% of March 7th's ATK to the primary target of this attack. Additionally, triggers the corresponding effect based on ""Shifu""'s Path and then gains 1 point(s) of Charge. If there is no primary target available to attack, then she attacks a single random enemy instead. This effect can only trigger once per turn."
march_7th_hunt,3,Sharp Wit in Martial Might,"Skill Lv. +2, up to a maximum of Lv. 15. Basic ATK Lv. +1, up to a maximum of Lv. 10."
march_7th_hunt,4,Being Fabulous Never Frights,"At the start of the turn, regenerates 5 Energy."
march_7th_hunt,5,"Sword Delights, Sugar Blights","Ultimate Lv. +2, up to a maximum of Lv. 15. Talent Lv. +2, up to a maximum of Lv. 15."
march_7th_hunt,6,"Me, the Best Girl in Sight","After using Ultimate, increases the CRIT DMG dealt by the next Enhanced Basic ATK by 50%."
march_7th_preservation,1,Memory of You,"Every time March 7th's Ultimate Freezes a target, she regenerates 6 Energy."
march_7th_preservation,2,Memory of It,"Upon entering battle, grants a Shield equal to 24% of March 7th's DEF plus 320 to the ally with the lowest HP percentage, lasting for 3 turn(s)."
march_7th_preservation,3,Memory of Everything,"Ultimate Lv. +2, up to a maximum of Lv. 15. Basic ATK Lv. +1, up to a maximum of Lv. 10."
march_7th_preservation,4,Never Forfeit Again,The Talent's Counter effect can be triggered 1 more time in each turn. The DMG dealt by Counter increases by an amount that is equal to 30% of March 7th's DEF.
march_7th_preservation,5,Never Forget Again,"Skill Lv. +2, up to a maximum of Lv. 15. Talent Lv. +2, up to a maximum of Lv. 15."
march_7th_preservation,6,"Just Like This, Always...",Allies under the protection of the Shield granted by the Skill restore HP equal to 4% of their Max HP plus 106 at the beginning of each turn.
misha,1,Whimsicality of Fancy,"When using the Ultimate, for every enemy on the field, additionally increases the Hits Per Action for the current Ultimate by 1 hit(s), up to a maximum increase of 5 hit(s)."
misha,2,Yearning of Youth,"Before each hit of the Ultimate lands, there is a 24% base chance of reducing the target's DEF by 16% for 3 turn(s)."
misha,3,Vestige of Happiness,"Ultimate Lv. +2, up to a maximum of Lv. 15. Basic ATK Lv. +1, up to a maximum of Lv. 10."
misha,4,Visage of Kinship,Increases the DMG multiplier for each hit of the Ultimate by 6%.
misha,5,Genesis of First Love,"Skill Lv. +2, up to a maximum of Lv. 15. Talent Lv. +2, up to a maximum of Lv. 15."
misha,6,Estrangement of Dream,"When using the Ultimate, increases own DMG by 30%, lasting until the end of the turn. In addition, the next time the Skill is used, recovers 1 Skill Point(s) for the team."
moze,1,Oathkeeper,"After entering battle, Moze regenerates 20 Energy. Each time the Additional DMG from his Talent is triggered, Moze regenerates 2 Energy."
moze,2,Wrathbearer,"When all allies deal DMG to the enemy target marked as ""Prey,"" increases CRIT DMG by 40%."
moze,3,Deathchaser,"Ultimate Lv. +2, up to a maximum of Lv. 15. Talent Lv. +2, up to a maximum of Lv. 15."
moze,4,Heathprowler,"When using Ultimate, increases the DMG dealt by Moze by 30%, lasting for 2 turn(s)."
moze,5,Truthbender,"Skill Lv. +2, up to a maximum of Lv. 15. Basic ATK Lv. +1, up to a maximum of Lv. 10."
moze,6,Faithbinder,Increases the DMG multiplier of the Talent's Follow-Up ATK by 25%.
mydei,1,Frost Hones Spine of Steel,"Increases the DMG multiplier dealt by ""Godslayer Be God"" to the primary target by 30%. This ability now deals to all enemies Imaginary DMG equal to the DMG multiplier dealt to the primary target."
mydei,2,Strife Beholds Cry of Dead,"During ""Vendetta,"" the DMG dealt by Mydei ignores 15% of enemy targets' DEF. After he receives healing, converts 40% of the healed amount to Charge. The tally of the converted Charge cannot exceed 40 point(s). Resets this tally of Charge after any unit takes action."
mydei,3,Honor Exalts Feast of Faith,"Skill Lv. +2, up to a maximum of Lv. 15. Basic ATK Lv. +1, up to a maximum of Lv. 10."
mydei,4,Siren Jolts the Laconic Lion,"While in ""Vendetta,"" increases CRIT DMG by 30% and restores HP by 10% of this unit's Max HP after receiving attacks from enemy targets."
mydei,5,War Chisels Flesh of Flame,"Ultimate Lv. +2, up to a maximum of Lv. 15. Talent Lv. +2, up to a maximum of Lv. 15."
mydei,6,Legacy Scales Mound of Blood,"When entering battle, immediately enters the ""Vendetta"" state, and lowers the Charge required for ""Godslayer Be God"" to 100 point(s)."
natasha,1,Pharmacology Expertise,"After being attacked, if the current HP percentage is 30% or lower, heals self for 1 time to restore HP by an amount equal to 15% of Max HP plus 400. This effect can only be triggered 1 time per battle."
natasha,2,Clinical Research,"When Natasha uses her Ultimate, grant continuous healing for 1 turn(s) to allies whose HP percentage is at 30% or lower. And at the beginning of their turn, their HP is restored by an amount equal to 6% of Natasha's Max HP plus 160."
natasha,3,The Right Cure,"Skill Lv. +2, up to a maximum of Lv. 15. Basic ATK Lv. +1, up to a maximum of Lv. 10."
natasha,4,Miracle Cure,"After being attacked, regenerates 5 extra Energy."
natasha,5,Preventive Treatment,"Ultimate Lv. +2, up to a maximum of Lv. 15. Talent Lv. +2, up to a maximum of Lv. 15."
natasha,6,Doctor's Grace,Natasha's Basic ATK additionally deals Physical DMG equal to 40% of her Max HP.
pela,1,Victory Report,"When an enemy is defeated, Pela regenerates 5 Energy."
pela,2,Adamant Charge,Using Skill to dispel buff(s) increases SPD by 10% for 2 turn(s).
pela,3,Suppressive Force,"Skill Lv. +2, up to a maximum of Lv. 15. Basic ATK Lv. +1, up to a maximum of Lv. 10."
pela,4,Full Analysis,"When using Skill, there is a 100% base chance to reduce the target enemy's Ice RES by 12% for 2 turn(s)."
pela,5,Absolute Jeopardy,"Ultimate Lv. +2, up to a maximum of Lv. 15. Talent Lv. +2, up to a maximum of Lv. 15."
pela,6,Feeble Pursuit,"After Pela attacks, if the enemy target is debuffed, deals Ice Additional DMG equal to 40% of Pela's ATK to the enemy."
phainon,1,Fire and Light Bind Virtue and Vice,"The base SPD inheritance ratio for Khaslana's extra turn increases to 66%. For every enemy target defeated in one battle, additionally increases this ratio by 1.5%, up to a max of 84%. When using Ultimate, increases CRIT DMG by 50%, lasting for 3 turn(s)."
phainon,2,Sky and Earth Churn Mortal Froth,"Khaslana's Physical RES PEN increases by 20%. When one use of ""Foundation: Stardeath Verdict"" consumes 4 ""Scourge"" point(s), gains 1 extra turn."
phainon,3,"Depths of Quiet, Entombed in Ruin","Ultimate Lv. +2, up to a maximum of Lv. 15. Basic ATK Lv. +1, up to a maximum of Lv. 10."
phainon,4,"Faces of Titans, Blurred by Time","When using ""Calamity: Soulscorch Edict,"" additionally gains 4 stack(s) of ""Soulscorch."""
phainon,5,The Wheel Spins Forevermore,"Skill Lv. +2, up to a maximum of Lv. 15. Talent Lv. +2, up to a maximum of Lv. 15."
phainon,6,Embers of Old Rise Still,"The number of overflow points allowed for ""Coreflame"" no longer has an upper limit. When the battle starts, gains 6 point(s) of ""Coreflame."" After using the attack from ""Foundation: Stardeath Verdict,"" additionally deals True DMG equal to 36% of the total DMG dealt in this attack to the enemy target with the highest HP."
qingque,1,Rise Through the Tiles,Ultimate deals 10% more DMG.
qingque,2,Sleep on the Tiles,"Every time Draw Tile is triggered, Qingque immediately regenerates 1 Energy."
qingque,3,Read Between the Tiles,"Ultimate Lv. +2, up to a maximum of Lv. 15. Talent Lv. +2, up to a maximum of Lv. 15."
qingque,4,Right on the Tiles,"After using Skill, there is a 24% fixed chance to gain ""Self-Sufficer,"" lasting until the end of the current turn.  While ""Self-Sufficer"" is active, using Basic ATK or Enhanced Basic ATK immediately launches 1 Follow-Up ATK on the same target, dealing Quantum DMG equal to 100% of Basic ATK DMG or Enhanced Basic ATK DMG."
qingque,5,Gambit for the Tiles,"Skill Lv. +2, up to a maximum of Lv. 15. Basic ATK Lv. +1, up to a maximum of Lv. 10."
qingque,6,Prevail Beyond the Tiles,Recovers 1 Skill Point after using Enhanced Basic ATK.
rappa,1,Returned Is the Revenant With No Ferry Toll,"During the ""Sealform"" state entered by using Ultimate, DMG dealt by Rappa ignores 15% of the targets' DEF. After exiting the ""Sealform"" state, regenerates 20 Energy."
rappa,2,Free Is the Mind Enlightened by Haikus,The Enhanced Basic ATK's first 2 hits have their Toughness Reduction against the one designated enemy increased by 50%.
rappa,3,Many Are the Shrines That Repel No Hell,"Skill Lv. +2, up to a maximum of Lv. 15. Talent Lv. +2, up to a maximum of Lv. 15."
rappa,4,Lost Is the Nindō Devoured by Time,"While in the ""Sealform"" state, increases all allies' SPD by 12%."
rappa,5,Steady Is The Ranger With Unerring Arrows,"Ultimate Lv. +2, up to a maximum of Lv. 15. Basic ATK Lv. +1, up to a maximum of Lv. 10."
rappa,6,Righteous Is the Wrath That Spares No Evil,"When battle starts, Rappa gains 5 point(s) of her Talent's Charge, and its upper limit increases by 5 point(s). After launching the third hit of ""Ningu: Demonbane Petalblade,"" gains 5 point(s) of Charge."
robin,1,Land of Smiles,"While the ""Concerto"" state is active, all allies' All-Type RES PEN increases by 24%."
robin,2,Afternoon Tea For Two,"While the Concerto state is active, all allies' SPD increases by 16%. The Talent's Energy Regeneration effect additionally increases by 1."
robin,3,Inverted Tuning,"Skill Lv. +2, up to a maximum of Lv. 15. Ultimate Lv. +2, up to a maximum of Lv. 15."
robin,4,Raindrop Key,"When using the Ultimate, dispels Crowd Control debuffs from all allies. While Robin is in the ""Concerto"" state, increases the Effect RES of all allies by 50%."
robin,5,Lonestar's Lament,"Basic ATK Lv. +1, up to a maximum of Lv. 10. Talent Lv. +2, up to a maximum of Lv. 15."
robin,6,Moonless Midnight,"While the ""Concerto"" state is active, the CRIT DMG for the Physical Additional DMG caused by the Ultimate increases by 450%. The effect of ""Moonless Midnight"" can trigger up to 8 time(s) and the trigger count resets each time the Ultimate is used."
ruan_mei,1,Neuronic Embroidery,"While the Ultimate's Zone is deployed, the DMG dealt by all allies ignores 20% of the target's DEF."
ruan_mei,2,Reedside Promenade,"While Ruan Mei is on the field, all allies increase their ATK by 40% when dealing DMG to enemies that are Weakness Broken."
ruan_mei,3,Viridescent Pirouette,"Ultimate Lv. +2, up to a maximum of Lv. 15. Talent Lv. +2, up to a maximum of Lv. 15."
ruan_mei,4,Chatoyant Éclat,"When an enemy target's Weakness is Broken, Ruan Mei's Break Effect increases by 100% for 3 turn(s)."
ruan_mei,5,Languid Barrette,"Skill Lv. +2, up to a maximum of Lv. 15. Basic ATK Lv. +1, up to a maximum of Lv. 10."
ruan_mei,6,Sash Cascade,Extends the duration of the Ultimate's Zone by 1 turn(s). The Talent's Break DMG multiplier additionally increases by 200%.
saber,1,The Lost White Walls,"Increases the Ultimate DMG dealt by Saber by 60%. After Saber uses Basic ATK or Skill, gains 1 ""Core Resonance."""
saber,2,The Lost Oath of the Round Table,"For every 1 point of ""Core Resonance"" gained in this battle, Saber's DMG dealt ignores 1% of the target's DEF. This effect stacks up to 15 time(s). When triggering the ""Core Resonance"" effect to boost Skill's multiplier, each point of ""Core Resonance"" additionally increases the DMG multiplier for the current instance of Skill by 7%."
saber,3,A Wish Across Fifteen Centuries,"Ultimate Lv. +2, up to a maximum of Lv. 15. Basic ATK Lv. +1, up to a maximum of Lv. 10."
saber,4,The Saga of Sixteen Winter Days,"Increases Saber's Wind RES PEN by 8%. After using Ultimate, increases Saber's Wind RES PEN by 4%. This effect stacks up to 3 time(s)."
saber,5,The Dreamed Utopian Dawn,"Skill Lv. +2, up to a maximum of Lv. 15. Talent Lv. +2, up to a maximum of Lv. 15."
saber,6,The Long Fated Night,"The Wind RES PEN of the Ultimate DMG dealt by Saber increases by 20%. The amount of overflow Energy that can be accumulated with the Trace ""Blessing of the Lake"" increases to 200. After using Ultimate for the first time upon entering combat, regenerates a fixed amount of 300 Energy for Saber. This effect can trigger 1 time after every 3 Ultimate use(s)."
sampo,1,Rising Love,"When using Skill, deals DMG for 1 extra time(s) to a random enemy."
sampo,2,Infectious Enthusiasm,"Defeating an enemy afflicted with Wind Shear has a 100% base chance to inflict all enemies with 1 stack(s) of Wind Shear, equivalent to that of Skill."
sampo,3,Big Money!,"Skill Lv. +2, up to a maximum of Lv. 15. Basic ATK Lv. +1, up to a maximum of Lv. 10."
sampo,4,"The Deeper the Love, the Stronger the Hate","When Skill hits an enemy with 5 or more stack(s) of Wind Shear, the enemy immediately takes 8% of current Wind Shear DMG."
sampo,5,Huuuuge Money!,"Ultimate Lv. +2, up to a maximum of Lv. 15. Talent Lv. +2, up to a maximum of Lv. 15."
sampo,6,Increased Spending,Talent's Wind Shear DMG multiplier increases by 15%.
seele,1,Extirpating Slash,"When dealing DMG to an enemy whose HP percentage is 80% or lower, CRIT Rate increases by 15%."
seele,2,Dancing Butterfly,The SPD Boost effect of Seele's Skill can stack up to 2 time(s).
seele,3,Dazzling Tumult,"Skill Lv. +2, up to a maximum of Lv. 15. Talent Lv. +2, up to a maximum of Lv. 15."
seele,4,Flitting Phantasm,Seele regenerates 15 Energy when she defeats an enemy.
seele,5,Piercing Shards,"Ultimate Lv. +2, up to a maximum of Lv. 15. Basic ATK Lv. +1, up to a maximum of Lv. 10."
seele,6,Shattering Shambles,"After attacking with Ultimate, Seele inflicts ""Butterfly Flurry"" on the attacked enemy target for 1 turn(s). Enemies in ""Butterfly Flurry"" will additionally take 1 instance of Quantum Additional DMG equal to 15% of Seele's Ultimate DMG every time they are attacked. If the target is defeated by the ""Butterfly Flurry"" state's Additional DMG triggered by other allies' attacks, Seele's Talent will not be triggered. When Seele is knocked down, the ""Butterfly Flurry"" inflicted on the enemies will be removed."
serval,1,Echo Chamber,Basic ATK deals Lightning DMG equal to 60% of Basic ATK DMG to a random target adjacent to the target enemy.
serval,2,Encore!,"Every time Serval's Talent is triggered to deal Additional DMG, she regenerates 4 Energy."
serval,3,"Listen, the Heartbeat of the Gears","Skill Lv. +2, up to a maximum of Lv. 15. Basic ATK Lv. +1, up to a maximum of Lv. 10."
serval,4,Make Some Noise!,Ultimate has a 100% base chance to apply Shock to any enemies not currently Shocked. This Shock has the same effects as the one applied by Skill.
serval,5,Belobog's Loudest Roar!,"Ultimate Lv. +2, up to a maximum of Lv. 15. Talent Lv. +2, up to a maximum of Lv. 15."
serval,6,This Song Rocks to Heaven!,Serval deals 30% more DMG to Shocked enemies.
silver_wolf,1,Social Engineering,"After using her Ultimate to attack enemies, Silver Wolf regenerates 7 Energy for every debuff that the target enemy currently has. This effect can be triggered up to 5 time(s) in each use of her Ultimate."
silver_wolf,2,Zombie Network,"When an enemy enters combat, reduces their Effect RES by 20%."
silver_wolf,3,Payload,"Skill Lv. +2, up to a maximum of Lv. 15. Talent Lv. +2, up to a maximum of Lv. 15."
silver_wolf,4,Bounce Attack,"After using her Ultimate to attack enemies, deals Quantum Additional DMG equal to 20% of Silver Wolf's ATK for every debuff currently on the enemy target. This effect can be triggered for a maximum of 5 time(s) during each use of her Ultimate."
silver_wolf,5,Brute Force Attack,"Ultimate Lv. +2, up to a maximum of Lv. 15. Basic ATK Lv. +1, up to a maximum of Lv. 10."
silver_wolf,6,Overlay Network,"For every debuff the enemy target has, the DMG dealt by Silver Wolf to it increases by 20%, up to a max increase of 100%."
silver_wolf_lv_999,1,Aether Editing: Eidolon +1,"""Premium Supply Mystery Box"" additionally provides 2 Punchline(s) and increases the Elation of DMG dealt by 200%."
silver_wolf_lv_999,2,"A Feature, Not a Bug","Enemy targets in the Zone will be implanted with ""Absolute Weakness"": Has All-Type Weakness, and All-Type Base RES is reduced to 0 (If Base RES is already 0, then the corresponding Type RES decreases by 20%). When targets with ""Absolute Weakness"" implanted take Elation DMG from allies, the DMG taken will be recorded by Silver Wolf LV.999 (except overflow DMG). After the Final Hit of Enhanced Basic ATK, additionally deals True DMG equal to 20% of the recorded value that is distributed evenly among all enemies, then the recorded value is cleared."
silver_wolf_lv_999,3,Only 15 Levels? Who Wrote This?,"Skill Lv. +2, up to a maximum of Lv. 15. Basic ATK Lv. +1, up to a maximum of Lv. 10. Elation Skill Lv. +1, up to a maximum of Lv. 15."
silver_wolf_lv_999,4,"I Came, I Saw, I... One-Shot","Elation DMG dealt by ""Honkai-Level DMG Demonstration"" additionally takes into account 999 Punchlines."
silver_wolf_lv_999,5,Basic ATK Is the New Ultimate,"Ultimate Lv. +2, up to a maximum of Lv. 15. Talent Lv. +2, up to a maximum of Lv. 15. Elation Skill Lv. +1, up to a maximum of Lv. 15."
silver_wolf_lv_999,6,Max Solo Leveling,"Elation DMG dealt merrymakes by 25%. Enhanced Basic ATK does not clear ""Hidden Ranking,"" reserving 30% of the ""Hidden Ranking"" instead. While in the ""Invincible Player"" state, when the overflowing ""Hidden Ranking"" reaches its limit, Silver Wolf LV.999 immediately takes action."
sparkle,1,Suspension of Disbelief,The Cipher effect granted by the Ultimate lasts for 1 extra turn. All allies with Cipher have their ATK increased by 40%.
sparkle,2,Purely Fictitious,Every stack of the Talent's effect allows allies to additionally ignore 8% of the target's DEF when dealing DMG.
sparkle,3,Pipedream,"Skill Lv. +2, up to a maximum of Lv. 15. Basic ATK Lv. +1, up to a maximum of Lv. 10."
sparkle,4,Life Is a Gamble,The Ultimate recovers 1 more Skill Point. The Talent additionally increases the Max Skill Points by 1.
sparkle,5,Parallax Truth,"Ultimate Lv. +2, up to a maximum of Lv. 15. Talent Lv. +2, up to a maximum of Lv. 15."
sparkle,6,Narrative Polysemy,"The CRIT DMG Boost effect provided by the Skill additionally increases by an amount equal to 30% of Sparkle's CRIT DMG. When Sparkle uses Skill, her Skill's CRIT DMG Boost effect will apply to all teammates with Cipher. When Sparkle uses her Ultimate, any single ally who benefits from her Skill's CRIT DMG Boost will spread that effect to teammates with Cipher."
sparxie,1,#GoingViral #WhoIsShe,"When Aha Instant ends, gains 5 Punchline. For every 1 Punchline owned, increases All-Type RES PEN for all allies by 1.5%, up to a max increase of 15%."
sparxie,2,#AudienceKnows,"When Aha Instant ends, Sparxie gains 1 extra turn and 2 ""Thrill."" For every 1 ""Thrill"" consumed, increases this unit's CRIT DMG by 10%, lasting for 2 turn(s) and stacking up to 4 time(s)."
sparxie,3,#LinkUp #HeartSkip,"Skill Lv. +2, up to a maximum of Lv. 15. Basic ATK Lv. +1, up to a maximum of Lv. 10. Elation Skill Lv. +1, up to a maximum of Lv. 15."
sparxie,4,#LockedIn #FaceCard,"When using Ultimate, additionally gains 5 Punchline and increases this unit's Elation by 36% for 3 turn(s)."
sparxie,5,#HealingTheWorld #GoodVibesOnly,"Ultimate Lv. +2, up to a maximum of Lv. 15. Talent Lv. +2, up to a maximum of Lv. 15. Elation Skill Lv. +1, up to a maximum of Lv. 15."
sparxie,6,#BuiltDifferent #GoingExtinct,"Increases All-Type RES PEN by 20%. For every 1 Punchline taken into account, the number of additional DMG instances dealt by the Elation Skill increases by 1, up to a max of 40."
sunday,1,Millennium's Quietus,"When Sunday uses Skill, the target character can ignore 16% of enemy target's DEF to deal DMG and their summon can ignore 40% of enemy target's DEF to deal DMG, lasting for 2 turn(s)."
sunday,2,Faith Outstrips Frailty,"After the first use of Ultimate, recovers 2 Skill Point(s). The DMG dealt by ""The Beatified"" increases by 30%."
sunday,3,Hermitage of Thorns,"Ultimate Lv. +2, up to a maximum of Lv. 15. Basic ATK Lv. +1, up to a maximum of Lv. 10."
sunday,4,Sculpture's Preamble,"When the turn starts, regenerates 8 Energy."
sunday,5,Paper Raft in Silver Bay,"Skill Lv. +2, up to a maximum of Lv. 15. Talent Lv. +2, up to a maximum of Lv. 15."
sunday,6,Dawn of Sidereal Cacophony,"The Talent's CRIT Rate boost effect becomes stackable up to 3 time(s), and the Talent's duration increases by 1 turn(s). When Sunday uses Ultimate, can also apply the Talent's CRIT Rate boost effect to the target. When the Talent's CRIT Rate boost takes effect and the target's CRIT Rate exceeds 100%, every 1% of excess CRIT Rate increases CRIT DMG by 2%."
sushang,1,Cut With Ease,"After using Skill against a Weakness Broken enemy, regenerates 1 Skill Point."
sushang,2,Refine in Toil,"After Sword Stance is triggered, the DMG taken by Sushang is reduced by 20% for 1 turn."
sushang,3,Rise From Fame,"Ultimate Lv. +2, up to a maximum of Lv. 15. Talent Lv. +2, up to a maximum of Lv. 15."
sushang,4,Cleave With Heart,Sushang's Break Effect increases by 40%.
sushang,5,Prevail via Taixu,"Skill Lv. +2, up to a maximum of Lv. 15. Basic ATK Lv. +1, up to a maximum of Lv. 10."
sushang,6,Dwell Like Water,"Talent's SPD Boost is stackable and can stack up to 2 times. Additionally, after entering battle, Sushang immediately gains 1 stack of her Talent's SPD Boost."
the_dahlia,1,When a Bud Readies to Bloom,"The Super Break DMG multiplier provided by Talent to ""Dance Partners"" now applies to all ally characters, with ""Dance Partners"" additionally receiving a 40% boost. After ""Dance Partners"" use an attack, additionally deals the attacked enemy targets a fixed amount of Toughness Reduction equal to 25% of their Max Toughness (minimum 10, maximum 300). This effect can only trigger once per enemy target, and this trigger count resets after the enemy target receives a killing blow."
the_dahlia,2,"Fresh, Ethereal, and Beloved","When The Dahlia is on the field, decreases all enemies' All-Type RES by 20%. When an enemy target enters the field, immediately inflicts ""Wilt"" on them, lasting for 3 turn(s)."
the_dahlia,3,Pity Its Petals Thin as Mist,"Ultimate Lv. +2, up to a maximum of Lv. 15. Basic ATK Lv. +1, up to a maximum of Lv. 10."
the_dahlia,4,Pity Its Heart Gnawed by Worms,"Increases the number of DMG instances dealt by Talent's Follow-Up ATK by 5. Upon its use, the DMG taken by all enemy targets increases by 12%, lasting for 2 turn(s)."
the_dahlia,5,"Fallen, Decayed, and Despised","Skill Lv. +2, up to a maximum of Lv. 15. Talent Lv. +2, up to a maximum of Lv. 15."
the_dahlia,6,"And Yet, Always, Deathly Beautiful","Increases Dance Partners' Break Effect by 150%. When using Talent's Follow-Up ATK, advances the next action of all ""Dance Partners"" by 20%."
the_herta,1,Night at Shorefall,"When the Enhanced Skill calculates the number of ""Interpretation"" stacks, additionally counts 50% of the number of ""Interpretation"" stacks on the 1 target with the most stacks among the primary target and adjacent targets. When ""Interpretation"" is reset by using the Enhanced Skill, its stack number is reset to 15 instead."
the_herta,2,Wind Through Keyhole,"After The Herta enters combat or uses Ultimate, additionally gains 1 ""Inspiration"" stack. After using Enhanced Skill, advances The Herta's next action by 35%."
the_herta,3,Door into Summer,"Skill Lv. +2, up to a maximum of Lv. 15. Talent Lv. +2, up to a maximum of Lv. 15."
the_herta,4,The Sixteenth Key,The SPD of Erudition characters in the team increases by 12%.
the_herta,5,Bitter Pill of Truth,"Ultimate Lv. +2, up to a maximum of Lv. 15. Basic ATK Lv. +1, up to a maximum of Lv. 10."
the_herta,6,Sweet Lure of Answer,"The Herta's Ice RES PEN increases by 20%. When the number of enemy targets on the field is 3 (or more)/2/1, Ultimate's DMG multiplier increases by 140%/250%/400% respectively."
tingyun,1,Windfall of Lucky Springs,"After using their Ultimate, the ally with Benediction gains a 20% increase in SPD for 1 turn."
tingyun,2,"Gainfully Gives, Givingly Gains",The ally with Benediction regenerates 5 Energy after defeating an enemy. This effect can only be triggered once per turn.
tingyun,3,Halcyon Bequest,"Ultimate Lv. +2, up to a maximum of Lv. 15. Basic ATK Lv. +1, up to a maximum of Lv. 10."
tingyun,4,Jovial Versatility,The DMG multiplier provided by Benediction increases by 20%.
tingyun,5,Sauntering Coquette,"Skill Lv. +2, up to a maximum of Lv. 15. Talent Lv. +2, up to a maximum of Lv. 15."
tingyun,6,Peace Brings Wealth to All,Ultimate regenerates 10 more Energy for the target ally.
topaz_numby,1,Future Market,"When enemies afflicted with ""Proof of Debt"" receive Follow-Up ATKs, they will enter the ""Debtor"" state. This can take effect only once within a single attack. The ""Debtor"" state increases the CRIT DMG of Follow-Up ATKs inflicted on the enemy target by 25%, stacking up to 2 time(s). When ""Proof of Debt"" is removed, the ""Debtor"" state is also removed."
topaz_numby,2,Bona Fide Acquisition,"After Numby takes action and launches an attack, Topaz regenerates 5 Energy."
topaz_numby,3,Seize the Big and Free the Small,"Skill Lv. +2, up to a maximum of Lv. 15. Basic ATK Lv. +1, up to a maximum of Lv. 10."
topaz_numby,4,Agile Operation,"After Numby's turn begins, Topaz's action advances by 20%."
topaz_numby,5,Inflationary Demand,"Ultimate Lv. +2, up to a maximum of Lv. 15. Talent Lv. +2, up to a maximum of Lv. 15."
topaz_numby,6,Incentive Mechanism,"Numby's attack count during the ""Windfall Bonanza!"" state increases by 1, and its Fire RES PEN increases by 10% when it attacks."
trailblazer_destruction,1,A Falling Star,"When enemies are defeated due to the Trailblazer's Ultimate, the Trailblazer regenerates 10 extra Energy. This effect can only be triggered once per attack."
trailblazer_destruction,2,An Unwilling Host,Attacking enemies with Physical Weakness restores the Trailblazer's HP equal to 5% of the Trailblazer's ATK.
trailblazer_destruction,3,A Leading Whisper,"Skill Lv. +2, up to a maximum of Lv. 15. Talent Lv. +2, up to a maximum of Lv. 15."
trailblazer_destruction,4,A Destructing Glance,"When attacking an enemy that is Weakness Broken, increases CRIT Rate by 25%."
trailblazer_destruction,5,A Surviving Hope,"Ultimate Lv. +2, up to a maximum of Lv. 15. Basic ATK Lv. +1, up to a maximum of Lv. 10."
trailblazer_destruction,6,A Trailblazing Will,The Trailblazer's Talent is also triggered when they defeat an enemy.
trailblazer_elation,1,Believe in the Light,"After using a Skill, the next Ultimate increases the ""Certified Banger"" gained by ally targets by 2. This effect can stack up to 3 times."
trailblazer_elation,2,Iconic Scene in Progress...,"Ultimate additionally increases the Elation of a designated ally by 12%, lasting for 2 turn(s)."
trailblazer_elation,3,Eyes On Me,"Skill Lv. +2, up to a maximum of Lv. 15. Talent Lv. +2, up to a maximum of Lv. 15. Elation Skill Lv. +1, up to a maximum of Lv. 15."
trailblazer_elation,4,Saving the World Just Cause,"When using an Elation Skill, increases DMG taken by enemy targets by 10%, lasting for 2 turn(s)."
trailblazer_elation,5,Love and Courage Never Go Out of Style,"Ultimate Lv. +2, up to a maximum of Lv. 15. Basic ATK Lv. +1, up to a maximum of Lv. 10. Elation Skill Lv. +1, up to a maximum of Lv. 15."
trailblazer_elation,6,A Cosmic Legend Cometh!,"When the Trailblazer uses their Ultimate on an ally target other than themselves, the Trailblazer also gains the same Ultimate effect."
trailblazer_harmony,1,Best Seat in the House,"After using Skill for the first time, immediately recovers 1 Skill Point(s)."
trailblazer_harmony,2,Jailbreaking Rainbowwalk,"When the battle starts, the Trailblazer's Energy Regeneration Rate increases by 25%, lasting for 3 turn(s)."
trailblazer_harmony,3,Sanatorium for Rest Notes,"Skill Lv. +2, up to a maximum of Lv. 15. Talent Lv. +2, up to a maximum of Lv. 15."
trailblazer_harmony,4,Dove in Tophat,"While the Trailblazer is on the field, increases the Break Effect of all teammates (excluding the Trailblazer), by an amount equal to 15% of the Trailblazer's Break Effect."
trailblazer_harmony,5,Poem Favors Rhythms of Old,"Ultimate Lv. +2, up to a maximum of Lv. 15. Basic ATK Lv. +1, up to a maximum of Lv. 10."
trailblazer_harmony,6,"Tomorrow, Rest in Spotlight",The number of additional DMG applications by the Skill increases by 2.
trailblazer_preservation,1,Earth-Shaking Resonance,"When the Trailblazer uses their Basic ATK, additionally deals Fire DMG equal to 25% of the Trailblazer's DEF. When the Trailblazer uses their enhanced Basic ATK, additionally deals Fire DMG equal to 50% of the Trailblazer's DEF."
trailblazer_preservation,2,Time-Defying Tenacity,The Shield applied to all allies from the Trailblazer's Talent will block extra DMG equal to 2% of the Trailblazer's DEF plus 27.
trailblazer_preservation,3,Trail-Blazing Blueprint,"Skill Lv. +2, up to a maximum of Lv. 15. Talent Lv. +2, up to a maximum of Lv. 15."
trailblazer_preservation,4,Nation-Building Oath,"At the start of the battle, immediately gains 4 stack(s) of Magma Will."
trailblazer_preservation,5,Spirit-Warming Flame,"Ultimate Lv. +2, up to a maximum of Lv. 15. Basic ATK Lv. +1, up to a maximum of Lv. 10."
trailblazer_preservation,6,City-Forging Bulwarks,"After the Trailblazer uses enhanced Basic ATK or Ultimate, their DEF increases by 10%. Stacks up to 3 time(s)."
trailblazer_remembrance,1,Narrator of the Present,"Increases the CRIT Rate of ally targets with ""Mem's Support"" by 10%. When an ally target has ""Mem's Support,"" the effect of ""Mem's Support"" also applies to the target's memosprite/memomaster. This effect cannot stack."
trailblazer_remembrance,2,Gleaner of the Past,"When ally memosprites (aside from Mem) take action, Trailblazer regenerates 8 Energy. This effect can trigger a max of 1 time(s) per turn. The trigger count resets at the start of Trailblazer's turn."
trailblazer_remembrance,3,Chanter of the Future,"Skill Lv. +2, up to a maximum of Lv. 15. Talent Lv. +2, up to a maximum of Lv. 15. Memosprite Talent Lv. +1, up to a maximum of Lv. 10."
trailblazer_remembrance,4,Dancer of the Muse,"When an ally target with 0 Max Energy actively uses an ability, Mem can also gain 3% Charge, and the multiplier of the True DMG dealt by this target via ""Mem's Support"" additionally increases by 6%."
trailblazer_remembrance,5,Seamster of the Ode,"Ultimate Lv. +2, up to a maximum of Lv. 15. Basic ATK Lv. +1, up to a maximum of Lv. 10. Memosprite Skill Lv. +1, up to a maximum of Lv. 10."
trailblazer_remembrance,6,Bearer of the Revelation,Ultimate's CRIT Rate is set at 100%.
tribbie,1,Rite of Sugar Scoop,"While the Zone lasts and after ally targets attack enemies, additionally deals True DMG equal to 24% of the total DMG of this attack to targets that have been dealt Additional DMG by the Zone."
tribbie,2,Guide of Dream Tour,"The Additional DMG dealt by the Zone increases to 120% of the original DMG. When the Zone deals Additional DMG, further deals 1 instance(s) of Additional DMG."
tribbie,3,Trove of Morning Glow,"Ultimate Lv. +2, up to a maximum of Lv. 15. Basic ATK Lv. +1, up to a maximum of Lv. 10."
tribbie,4,Peace of Empathy Bond,"While ""Numinosity"" lasts, the DMG dealt by all allies ignores 18% of the target's DEF."
tribbie,5,Clock of Wonder Origin,"Skill Lv. +2, up to a maximum of Lv. 15. Talent Lv. +2, up to a maximum of Lv. 15."
tribbie,6,Morrow of Star Shine,"After Tribbie uses Ultimate, launches her Talent's Follow-Up ATK against all enemies. The DMG dealt by Talent's Follow-Up ATK increases by 729%."
welt,1,Legacy of Honor,"After using Ultimate, Welt gets enhanced. Then, the next 2 time(s) he uses Basic ATK or Skill, deals 1 extra instance of Additional DMG to the enemy target. The Additional DMG dealt when using Basic ATK is equal to 50% of Basic ATK DMG multiplier. The Additional DMG dealt when using Skill is equal to 80% of Skill DMG multiplier."
welt,2,Conflux of Stars,"When his Talent is triggered, Welt regenerates 3 Energy."
welt,3,Prayer of Peace,"Skill Lv. +2, up to a maximum of Lv. 15. Basic ATK Lv. +1, up to a maximum of Lv. 10."
welt,4,Appellation of Justice,"When using Skill, increases the base chance of reducing the attacked enemy target's SPD by 35%."
welt,5,Power of Kindness,"Ultimate Lv. +2, up to a maximum of Lv. 15. Talent Lv. +2, up to a maximum of Lv. 15."
welt,6,Prospect of Glory,"When using Skill, deals DMG for 1 extra time to a random enemy."
xueyi,1,"Dvesha, Inhibited",Increases the DMG dealt by the Talent's Follow-Up ATK by 40%.
xueyi,2,"Klesha, Breached","Talent's Follow-Up ATK Reduces enemy Toughness regardless of Weakness types. At the same time, restores Xueyi's HP by an amount equal to 5% of her Max HP. When breaking Weakness, triggers the Quantum Break Effect."
xueyi,3,"Duḥkha, Ceased","Skill Lv. +2, up to a maximum of Lv. 15. Basic ATK Lv. +1, up to a maximum of Lv. 10."
xueyi,4,"Karma, Severed","When using Ultimate, increases Break Effect by 40% for 2 turn(s)."
xueyi,5,"Deva, Enthralled","Ultimate Lv. +2, up to a maximum of Lv. 15. Talent Lv. +2, up to a maximum of Lv. 15."
xueyi,6,"Saṃsāra, Mastered",The max stack limit for Karma decreases to 6.
yanqing,1,Svelte Saber,"When Yanqing attacks a Frozen enemy, he deals Ice Additional DMG equal to 60% of his ATK."
yanqing,2,Supine Serenade,"When Soulsteel Sync is active, Energy Regeneration Rate increases by an extra 10%."
yanqing,3,Sword Savant,"Skill Lv. +2, up to a maximum of Lv. 15. Basic ATK Lv. +1, up to a maximum of Lv. 10."
yanqing,4,Searing Sting,"When the current HP percentage is 80% or higher, this unit's Ice RES PEN increases by 12%."
yanqing,5,Surging Strife,"Ultimate Lv. +2, up to a maximum of Lv. 15. Talent Lv. +2, up to a maximum of Lv. 15."
yanqing,6,Swift Swoop,"If the buffs from ""Soulsteel Sync"" or the Ultimate are in effect when an enemy is defeated, the duration of these buffs is extended by 1 turn."
yao_guang,1,Chuckle Chimes Where Jade Falls,"In Aha's extra turn triggered by Ultimate, the fixed amount of Punchline taken into account increases to 40. When dealing Elation DMG, all ally targets ignore 20% of the target's DEF."
yao_guang,2,Blind Arrows Guided by Feathers,"While the Zone is active, increases all ally targets' SPD by 12%, and additionally increases Elation by 16%."
yao_guang,3,Auspices Mirrored In Decalight,"Skill Lv. +2, up to a maximum of Lv. 15. Basic ATK Lv. +1, up to a maximum of Lv. 10. Elation Skill Lv. +1, up to a maximum of Lv. 15."
yao_guang,4,Threads of Fate Colored by Plumes,"In Aha's extra turn triggered by Yao Guang's Ultimate, the DMG dealt by all ally characters' Elation Skill becomes 150% of the original DMG."
yao_guang,5,Bejeweled in Radiant Grace,"Ultimate Lv. +2, up to a maximum of Lv. 15. Talent Lv. +2, up to a maximum of Lv. 15. Elation Skill Lv. +1, up to a maximum of Lv. 15."
yao_guang,6,Ferried Along the Astral Arc,All ally targets' Elation DMG merrymakes by 25%. Increases the DMG multiplier of Yao Guang's Elation Skill by 100% of its original multiplier.
yukong,1,Aerial Marshal,"At the start of battle, increases the SPD of all allies by 10% for 2 turn(s)."
yukong,2,Skyward Command,"When any ally's current energy is equal to its energy limit, Yukong regenerates an additional 5 energy. This effect can only be triggered once for each ally. The trigger count is reset after Yukong uses her Ultimate."
yukong,3,Torrential Fusillade,"Skill Lv. +2, up to a maximum of Lv. 15. Basic ATK Lv. +1, up to a maximum of Lv. 10."
yukong,4,Zephyrean Echoes,"When ""Roaring Bowstrings"" is active, Yukong deals 30% more DMG to enemies."
yukong,5,August Deadshot,"Ultimate Lv. +2, up to a maximum of Lv. 15. Talent Lv. +2, up to a maximum of Lv. 15."
yukong,6,Bowstring Thunderclap,"When Yukong uses her Ultimate, she immediately gains 1 stack(s) of ""Roaring Bowstrings."""
yunli,1,Weathered Blade Does Not Sully,"Increases DMG dealt by ""Intuit: Slash"" and ""Intuit: Cull"" by 20%. Increases the number of additional DMG instances for ""Intuit: Cull"" by 3."
yunli,2,First Luster Breaks Dawn,"When dealing DMG via Counter, ignores 20% of the target's DEF."
yunli,3,Mastlength Twirls Mountweight,"Ultimate Lv. +2, up to a maximum of Lv. 15. Basic ATK Lv. +1, up to a maximum of Lv. 10."
yunli,4,Artisan's Ironsong,"After launching ""Intuit: Slash"" or ""Intuit: Cull,"" increases this unit's Effect RES by 50%, lasting for 1 turn(s)."
yunli,5,Blade of Old Outlasts All,"Skill Lv. +2, up to a maximum of Lv. 15. Talent Lv. +2, up to a maximum of Lv. 15."
yunli,6,"Walk in Blade, Talk in Zither","While ""Parry"" is active, if an enemy actively uses their abilities, regardless of whether it attacks Yunli or not, it will trigger ""Intuit: Cull"" and remove the ""Parry"" effect. When dealing DMG via ""Intuit: Slash"" or ""Intuit: Cull,"" increases CRIT Rate by 15% and Physical RES PEN by 20%."
